,rowCol,traffic_spot,industry,commercial,nala
272.0,"(0, 6)",2.716200873243156,11.502570253675927,0.000465037647528457,0.0065724267344913516
273.0,"(0, 5)",2.8793154341995297,11.723637543983223,0.0004463722779803979,0.006466130655725108
274.0,"(0, 4)",2.9381560333519223,11.9647953983056,0.0004286452966574467,0.006356934034460492
275.0,"(0, 3)",2.974296897284891,12.229088190998967,0.00041194726840699787,0.006245344468800285
276.0,"(0, 2)",2.9965185629033915,12.520023978809649,0.0003962825111853259,0.00613188281425763
316.0,"(1, 9)",3.010886123853684,10.900349005654338,0.0005605392109005994,0.0071273043041512624
317.0,"(1, 8)",2.977277142434506,11.073906507325148,0.0005359950103295566,0.007023538467586283
318.0,"(1, 7)",2.938039583475871,11.260487772410029,0.0005114121668069869,0.00691524920533404
319.0,"(1, 6)",2.916486279586182,11.462300762365095,0.0004878352404492841,0.006802868363683739
320.0,"(1, 5)",2.9360873248663535,11.68179173006906,0.0004657291716317133,0.006686889656321122
321.0,"(1, 4)",2.959661153020193,11.921697740578098,0.0004452202380349914,0.006567856839842085
322.0,"(1, 3)",2.980094763877598,12.185121056691306,0.00042626748476819523,0.006446348344356872
323.0,"(1, 2)",2.9960476010944905,12.475630129760575,0.0004087602636082048,0.006322960393288855
363.0,"(2, 9)",2.994108580145391,10.861018575893818,0.0006057836148792945,0.007403766524425306
364.0,"(2, 8)",2.9630147507239815,11.031126007937583,0.0005726501264238579,0.007290145128599626
365.0,"(2, 7)",2.9360462242050516,11.214199012373047,0.0005410540303230102,0.007171644467635772
366.0,"(2, 6)",2.9402854608358115,11.41246405179747,0.0005120580882964538,0.007048729801372789
367.0,"(2, 5)",2.972230913342915,11.628351662081068,0.0004858206987551116,0.006921954400813888
368.0,"(2, 4)",2.971244116068493,11.864540705569341,0.0004621389553349006,0.006791940569497514
369.0,"(2, 3)",2.9840467287958483,12.124022437101699,0.00044070976520520645,0.006659356897549595
370.0,"(2, 2)",2.995323633132168,12.410185635173866,0.0004212332727737948,0.00652489449398602
408.0,"(3, 11)",3.0552533958433643,10.516319687441412,0.0007515260133371788,0.007932469445191295
409.0,"(3, 10)",2.910934268497455,10.662276580872863,0.0007099665867828605,0.007819559557389675
410.0,"(3, 9)",2.9859079210485215,10.816999640183205,0.0006608921235975755,0.007700740414066281
411.0,"(3, 8)",2.9165437721884917,10.982417514689987,0.0006141118254158345,0.00757622322217568
412.0,"(3, 7)",2.8337028041378747,11.160592431331374,0.0005728421748134187,0.007446372906792153
413.0,"(3, 6)",2.9169832418691786,11.35371798764612,0.0005371368946535129,0.0073116993562480515
414.0,"(3, 5)",2.956209414690524,11.564131787127232,0.0005061611203567448,0.007172835491068974
415.0,"(3, 4)",2.974016637414377,11.794344514851485,0.0004790238672982965,0.007030507362136879
416.0,"(3, 3)",2.984639729234671,12.04708385369908,0.00045498805260780107,0.006885500788056303
417.0,"(3, 2)",2.9925339364749797,12.325348380346508,0.0004334845287644931,0.006738628131440315
455.0,"(4, 11)",3.120316311275127,10.478834550090513,0.0008938653839031778,0.008274810789645324
456.0,"(4, 10)",3.0486182273051554,10.619609829535824,0.0008105643383820964,0.008150978152475494
457.0,"(4, 9)",3.0061335385351713,10.768806855047126,0.0007269471776563354,0.008020705959231055
458.0,"(4, 8)",2.941868452886418,10.92839246244451,0.0006590240546295794,0.007884134138304962
459.0,"(4, 7)",2.818216539509426,11.100420548946628,0.0006053364347239929,0.007741631579904187
460.0,"(4, 6)",2.889377556155269,11.28701054111459,0.0005620028358091069,0.007593773791173012
461.0,"(4, 5)",2.9567137575291755,11.49034271965744,0.0005260190089333955,0.00744130496268214
462.0,"(4, 4)",2.974938826495743,11.712669543445015,0.0004953777759683389,0.007285091805827159
463.0,"(4, 3)",2.9822258000767174,11.956336419158001,0.0004687572308752367,0.007126075214963824
464.0,"(4, 2)",2.986061457273738,12.223799899127421,0.0004452670303419889,0.00696522431525386
501.0,"(5, 12)",3.170387170739912,10.31111525258993,0.0012789674959141956,0.008773840272803434
502.0,"(5, 11)",3.123680448291415,10.439674337054258,0.0011779322247652648,0.008645099288163725
503.0,"(5, 10)",3.0768628328461705,10.574340133066217,0.0009488510059280116,0.008509473635221799
504.0,"(5, 9)",3.020609626422542,10.717037906131084,0.0007985237555045316,0.008366667306563163
505.0,"(5, 8)",2.9738843092870706,10.869779409474482,0.0007027543941884999,0.008216735167899766
506.0,"(5, 7)",2.9456426440713073,11.034600820895518,0.0006357955723733563,0.008060066550744989
507.0,"(5, 6)",2.9503158554810858,11.21351797868675,0.0005851038263336405,0.007897339777808586
508.0,"(5, 5)",2.9682974463511798,11.40850447961025,0.0005444884560358848,0.00772945946279933
509.0,"(5, 4)",2.976114023739729,11.621488397234085,0.0005106425090176234,0.007557486714503546
510.0,"(5, 3)",2.976420591418424,11.85435496340712,0.00048165235699563157,0.00738257012641272
511.0,"(5, 2)",2.9726566960098593,12.108936094622997,0.0004563285310813346,0.007205883081871143
512.0,"(5, 1)",2.9722844571679126,12.386961035094851,0.0004338844545289052,0.007028570781659052
513.0,"(5, 0)",2.9821592230105027,12.68993176110087,0.00041377194164944804,0.0068517086589154515
545.0,"(6, 15)",3.248522807115462,9.926900160433698,0.0009147327720506243,0.009576023083833167
546.0,"(6, 14)",3.2479162360701417,10.04252994904784,0.0010278882046896604,0.009450422099913952
547.0,"(6, 13)",3.218043098924427,10.158851792803944,0.001338284966285959,0.009321565587366711
548.0,"(6, 12)",3.1816752848157934,10.277232878627022,0.0030618974776405496,0.009187629953754162
549.0,"(6, 11)",3.203721572479844,10.399323894944258,0.0018068561374778712,0.009047079991333489
550.0,"(6, 10)",3.0964948594111075,10.52701304226319,0.001081522421916353,0.008898832031440845
551.0,"(6, 9)",3.0047302732128394,10.662338478971364,0.0008545941431176798,0.008742327483128814
552.0,"(6, 8)",2.9257886224596126,10.80738034378638,0.0007370006125257453,0.008577535742173766
553.0,"(6, 7)",2.967440136929788,10.964160426624607,0.0006607168687379492,0.008404905066276825
554.0,"(6, 6)",2.975755427307805,11.134571533827875,0.0006047949584539199,0.008225279700074346
555.0,"(6, 5)",2.9775152568165737,11.320343119679825,0.000560704633736897,0.008039799933773916
556.0,"(6, 4)",2.975061439147723,11.523033279760652,0.0005243119267614763,0.007849798748692117
557.0,"(6, 3)",2.966339521751366,11.744026087596788,0.0004933482202435809,0.007656704949449963
558.0,"(6, 2)",2.9445237779902422,11.984508088577966,0.00046644382074442905,0.007461959058753348
559.0,"(6, 1)",2.9236264865786055,12.245394852056712,0.0004427069951306293,0.007266945274663258
560.0,"(6, 0)",2.955202684059713,12.527173277335368,0.00042152141783727303,0.007072940569729471
591.0,"(7, 16)",3.3774391847709686,9.798437157071538,0.0009061179486109852,0.010202907753306456
592.0,"(7, 15)",3.2474780318797896,9.910339648921957,0.0009520905735823325,0.010062613124702855
593.0,"(7, 14)",3.182985380714399,10.021053487008704,0.0010518606312858794,0.009923912034380498
594.0,"(7, 13)",3.097190697378224,10.131619823978319,0.0012964577176561574,0.009783425930042944
595.0,"(7, 12)",3.1150466798755057,10.243438177321263,0.0019042715784318366,0.009638088269761088
596.0,"(7, 11)",3.1115871401957595,10.358271870105126,0.001547707665857105,0.00948544544849697
597.0,"(7, 10)",3.0679125228633777,10.478177323038395,0.0010749224582445995,0.009323815311217822
598.0,"(7, 9)",2.9926369979505343,10.605364459877388,0.0008701388238450904,0.009152333364986855
599.0,"(7, 8)",2.9299376493064577,10.74202528396766,0.0007550882906128241,0.008970911131078382
600.0,"(7, 7)",2.9781113325914452,10.890181163432631,0.0006777899500944838,0.008780131766670567
601.0,"(7, 6)",2.986117166685379,11.051585833052927,0.000620078446270088,0.00858110882018082
602.0,"(7, 5)",2.9775723281983066,11.22769036361554,0.0005741422173766525,0.008375331594513497
603.0,"(7, 4)",2.9679140950472678,11.419648475493393,0.000536060683590633,0.008164515261608971
604.0,"(7, 3)",2.955003140710728,11.628327745873369,0.0005036188100556549,0.007950467534751109
605.0,"(7, 2)",2.9095076476969823,11.854292651696907,0.0004754441853090413,0.007734978180061189
606.0,"(7, 1)",2.5727035079569442,12.097730445958089,0.0004506232920161556,0.0075197336949522535
607.0,"(7, 0)",2.9275956894386894,12.358293875725415,0.0004285135076861605,0.007306256925571705
636.0,"(8, 18)",3.3400767372836437,9.565297759194289,0.0009356665093389577,0.011097538689409457
637.0,"(8, 17)",3.419460839836041,9.678433660470308,0.0009344740587457917,0.010912819182736098
638.0,"(8, 16)",3.3199160844338933,9.788539062661778,0.0009446798494849148,0.010745056769202118
639.0,"(8, 15)",3.215394808761511,9.895977666757776,0.00097301297577336,0.010588748415066285
640.0,"(8, 14)",3.170058791670178,10.001344451455285,0.0010295306970763923,0.01043789845994917
641.0,"(8, 13)",3.121085038603462,10.10560008304234,0.0011227050018929458,0.010286867819557382
642.0,"(8, 12)",2.936703581197029,10.210174847052883,0.001205555360431208,0.010130866553729577
643.0,"(8, 11)",3.041575405682522,10.316989908112074,0.0011388188472441338,0.009966230905186394
644.0,"(8, 10)",3.0323198290686464,10.42835443791289,0.0009835919706253453,0.0097905431734045
645.0,"(8, 9)",2.9516287567584705,10.546744472749847,0.0008541466854226429,0.009602620333400078
646.0,"(8, 8)",2.9508970142978477,10.674531195100155,0.0007593457156278586,0.009402395319656122
647.0,"(8, 7)",2.9979588602706304,10.813754148176866,0.000687739333343431,0.009190723582016776
648.0,"(8, 6)",2.996456685249304,10.966002627814365,0.0006311538786540894,0.00896915264113535
649.0,"(8, 5)",2.9530222112494173,11.132404223521291,0.0005848024443178436,0.0087396886224121
650.0,"(8, 4)",2.9393813717767805,11.313672375927231,0.0005458149766607222,0.008504583593929
651.0,"(8, 3)",2.9470100064319267,11.510155380927957,0.0005123670936160019,0.008266156389868115
652.0,"(8, 2)",2.9147522199996176,11.721844103468003,0.00048323155893664337,0.008026651308810421
653.0,"(8, 1)",2.8923472865476594,11.948313980789566,0.00045754317749633396,0.007788134397505364
654.0,"(8, 0)",2.929387642684703,12.188588567761306,0.0004346688118151404,0.0075524247504709825
682.0,"(9, 19)",3.3193154053171616,9.452043844324956,0.0010221385500828234,0.01200188761975552
683.0,"(9, 18)",3.296460694734009,9.565355074989997,0.0010014229430698033,0.011739476066045607
684.0,"(9, 17)",3.2594337506646647,9.675083070141264,0.0009872435543757658,0.011518218600667474
685.0,"(9, 16)",3.2309585190061143,9.781263997206484,0.0009836497581712286,0.011327908013478945
686.0,"(9, 15)",3.212400620083284,9.88401887214436,0.0009928241823279988,0.011157687719749593
687.0,"(9, 14)",3.176092157424994,9.983719561809059,0.0010141284969933453,0.010997428755044515
688.0,"(9, 13)",3.1275463888881636,10.08118724289667,0.0010392097796520729,0.010838362778298805
689.0,"(9, 12)",3.074412883586266,10.17787107698768,0.0010437039123883487,0.010673418245255082
690.0,"(9, 11)",3.0411658429289745,10.275913398525699,0.0010009268865968323,0.010497402718187797
691.0,"(9, 10)",2.998445028044518,10.378008181537414,0.0009213016711279614,0.010307046926669408
692.0,"(9, 9)",2.9826112430001093,10.487045688874675,0.0008353445493512237,0.010100899329431014
693.0,"(9, 8)",2.997839805530202,10.605672164883972,0.000758585195687994,0.009879083382708653
694.0,"(9, 7)",3.0336237384414444,10.73595515620236,0.0006936797820963317,0.00964296281378141
695.0,"(9, 6)",3.0281442397559934,10.879262777670416,0.0006391975965485802,0.009394775585953852
696.0,"(9, 5)",2.9533814919931825,11.036324219828044,0.0005931222649321381,0.009137288648614796
697.0,"(9, 4)",2.9416717487384783,11.207363335978602,0.0005537117863910929,0.008873503794648562
698.0,"(9, 3)",2.9512050166260617,11.392210310419458,0.0005196064794939916,0.00860642443565298
699.0,"(9, 2)",2.8691790952827327,11.59034400385245,0.0004897704878480376,0.008338881344611374
700.0,"(9, 1)",2.824097136530773,11.800854362542179,0.0004634147326059032,0.008073411615016806
701.0,"(9, 0)",2.9188546706270384,12.022330947931989,0.0004399329042092558,0.007812184819003658
726.0,"(10, 22)",3.435514516349058,9.106401268194656,0.001204689535543078,0.0143330452396929
727.0,"(10, 21)",3.4107366129341163,9.227459567881269,0.0011932673692937185,0.013702908586896647
728.0,"(10, 20)",3.3834741905270804,9.344668525223666,0.0011624317329492328,0.013170260099192733
729.0,"(10, 19)",3.325784584690243,9.458242838880004,0.001119539971517013,0.012748017799267661
730.0,"(10, 18)",3.2764925278162256,9.568198512864202,0.0010775942479099737,0.012419334271787104
731.0,"(10, 17)",3.19035609589931,9.674391165565897,0.0010458573796871518,0.012161299720668818
732.0,"(10, 16)",3.181584492256021,9.77658758058398,0.001027776257918247,0.01195226598309692
733.0,"(10, 15)",3.222542921396461,9.874592880356474,0.001022506543544852,0.011773493371563522
734.0,"(10, 14)",3.1975940160813283,9.968456778026171,0.0010249893509426916,0.01160925202288214
735.0,"(10, 13)",3.1213733674918878,10.0587621355695,0.0010247026752962544,0.011446704311289461
736.0,"(10, 12)",3.069462703609449,10.146936323260627,0.0010073530632038682,0.011275884933527623
737.0,"(10, 11)",3.029523496135732,10.23542465540694,0.0009640821243870961,0.011089739291475428
738.0,"(10, 10)",2.900315891268649,10.327514352685267,0.0009000587974825116,0.010884079668981368
739.0,"(10, 9)",3.012246161435317,10.426746283452536,0.0008285886253554828,0.010657349869850329
740.0,"(10, 8)",3.0463926412249402,10.536170815004041,0.0007600104167462313,0.010410186208329347
741.0,"(10, 7)",3.108673689687814,10.657854617475312,0.0006987508380126595,0.010144854393859697
742.0,"(10, 6)",3.112533494037512,10.792819194479618,0.0006455479867996211,0.009864675060492652
743.0,"(10, 5)",3.0441456596291787,10.941269123109922,0.0005996585215152083,0.009573523222620936
744.0,"(10, 4)",3.11496554996193,11.102871819878022,0.0005599666530015418,0.009275435637490344
745.0,"(10, 3)",2.9855952429082078,11.276947037048876,0.0005254028916185165,0.008974321569908383
746.0,"(10, 2)",2.8471235075430097,11.46253585689375,0.0004950622321194435,0.008673758867351913
747.0,"(10, 1)",2.74866633218273,11.65837126269038,0.0004682127599584644,0.008376860014537277
748.0,"(10, 0)",2.9221825328931934,11.862781494054968,0.0004442714005992889,0.008086198718978402
770.0,"(11, 25)",3.0362051884669654,8.753658292838681,0.0013167230249788405,0.01817053308381275
771.0,"(11, 24)",3.4091471326778993,8.883028801623201,0.0013546552234874824,0.01836406741405038
772.0,"(11, 23)",3.599251160881202,9.007399386391555,0.0013843375161124221,0.017300986438784857
773.0,"(11, 22)",3.474134428651967,9.127548389381234,0.0014007774654269268,0.015944597114364363
774.0,"(11, 21)",3.8287697175334396,9.244027754843122,0.0013898800159376956,0.014857499003241752
775.0,"(11, 20)",3.389914980046954,9.357154140102077,0.0013314284436404908,0.014074141865840524
776.0,"(11, 19)",3.3127113883745025,9.467006499285525,0.0012444243982431115,0.013519722172869413
777.0,"(11, 18)",3.270591068828156,9.573430238162157,0.0011657174752459246,0.013124619215235514
778.0,"(11, 17)",3.2346572093045167,9.676055359260678,0.001110203682479609,0.0128370778056115
779.0,"(11, 16)",3.225509166131787,9.774346685778244,0.0010783132184650128,0.0126191201543905
780.0,"(11, 15)",3.2734389535043067,9.867719904179893,0.0010660188755293727,0.012441933242973161
781.0,"(11, 14)",3.3201999600749166,9.955774345028187,0.0010655447323418153,0.012282928251704954
782.0,"(11, 13)",3.1029156089885666,10.038691039813482,0.001062276375218545,0.01212428244915931
783.0,"(11, 12)",3.0136548312759457,10.117766674449802,0.0010374424439837326,0.011952457572890348
784.0,"(11, 11)",2.997828233357621,10.195839336685996,0.000983609302644782,0.011758167553133643
785.0,"(11, 10)",3.03764435531846,10.277128817606132,0.000911612467241303,0.01153631879166719
786.0,"(11, 9)",3.054346046822663,10.366221054612238,0.0008363142787734455,0.011285616491214654
787.0,"(11, 8)",3.080722362191981,10.466730067448026,0.0007663148261450347,0.011007798575987316
788.0,"(11, 7)",3.091848248662842,10.580584199079036,0.000704510817132548,0.01070668178948295
789.0,"(11, 6)",3.0775981708978435,10.708203705445214,0.0006509751551295547,0.010387259030321474
790.0,"(11, 5)",3.0497819581442482,10.8490774785961,0.0006047646840023325,0.0100549925925351
791.0,"(11, 4)",3.059261999766752,11.002248687592521,0.0005647293727715696,0.009715321602829246
792.0,"(11, 3)",2.9963100601289394,11.166560888052832,0.0005298093390543334,0.009373332640967295
793.0,"(11, 2)",2.9471376917485594,11.340715097242406,0.0004991147042034515,0.00903353945044556
794.0,"(11, 1)",2.9316333269268267,11.523219884028668,0.00047192489971643447,0.008699743642270368
814.0,"(12, 28)",3.3377204410875803,8.39965317360701,0.0013395388805147114,0.015898146990805235
815.0,"(12, 27)",3.371265003878843,8.53934214587511,0.001417785598077822,0.017632270705275226
816.0,"(12, 26)",3.364391815005108,8.671921305071967,0.0014760660567196865,0.020245127801749307
817.0,"(12, 25)",3.294629981929824,8.798518534350803,0.001530848718540346,0.02374966799492738
818.0,"(12, 24)",3.391701718972604,8.920181608805846,0.001593962716273193,0.025242950707626305
819.0,"(12, 23)",3.7839741459804297,9.037794088831621,0.0016496765425853283,0.020909488080262953
820.0,"(12, 22)",3.477485276150238,9.152032490278641,0.0017016743054749145,0.017793828662182903
821.0,"(12, 21)",3.4428634981196415,9.263344912959678,0.0017428762585166137,0.016026781481134567
822.0,"(12, 20)",3.373093634525101,9.371938115493373,0.00161270427068681,0.014959012348488737
823.0,"(12, 19)",3.2861307386266674,9.477765915584348,0.001406320112561516,0.014281532233439398
824.0,"(12, 18)",3.2564072543196034,9.580517139860593,0.0012613914620159955,0.013837993737176413
825.0,"(12, 17)",3.2301168810126244,9.67960805927609,0.0011753793005585692,0.013539864172414512
826.0,"(12, 16)",3.224305638143709,9.774196024528068,0.0011318947494645705,0.013331016952874579
827.0,"(12, 15)",3.33350529398474,9.863254035598416,0.0011224506836811747,0.013171943151909012
828.0,"(12, 14)",3.1903475613104697,9.945787064422367,0.0011405425255960186,0.013032524144221229
829.0,"(12, 13)",2.972624836945522,10.021320790466685,0.0011648982551412661,0.012889049324925472
830.0,"(12, 12)",3.0457031605783538,10.090764832267249,0.001144215608367232,0.012723503846493706
831.0,"(12, 11)",3.063090884878706,10.15739802579723,0.001057875668733166,0.012523844383260827
832.0,"(12, 10)",3.0643719666986446,10.22695037017477,0.0009512556704447357,0.012284193526617703
833.0,"(12, 9)",3.0776906297493127,10.30575929365738,0.0008558220841043153,0.012004262035019602
834.0,"(12, 8)",3.287738865609938,10.398149248592002,0.0007764540674157348,0.011687966531244164
835.0,"(12, 7)",3.091365612992525,10.505496838185174,0.00071063538743834,0.01134174632135271
836.0,"(12, 6)",3.0520929811891424,10.627157165560876,0.0006554011213716735,0.010973131871330515
837.0,"(12, 5)",3.0201702475959813,10.761676966446602,0.0006084320041312704,0.010589799069067037
838.0,"(12, 4)",2.9575124502118633,10.907464415371061,0.0005680035572497406,0.01019903139594041
861.0,"(13, 28)",3.37884794160648,8.481525807697901,0.00160148907401583,0.017145692510786185
862.0,"(13, 27)",3.4198453064245253,8.609384000196746,0.0017046674674720558,0.019585692019345544
863.0,"(13, 26)",3.4144792421180883,8.731214622476282,0.0017572386178501308,0.024459758844101162
864.0,"(13, 25)",3.3459849646789994,8.848191612681193,0.001816799782289642,0.03616647260882003
865.0,"(13, 24)",3.36687956206396,8.961333526547746,0.0019644639067193373,0.05222243954232378
866.0,"(13, 23)",3.4220233080813,9.071454229446232,0.0020855622084563897,0.02473703422313232
867.0,"(13, 22)",3.4427214211827204,9.179141589103478,0.0021553927253386207,0.019339210263553716
868.0,"(13, 21)",3.4629231228298414,9.28474760640666,0.0028761400874841034,0.016992202021261057
869.0,"(13, 20)",3.4020525863534434,9.388378875227259,0.0021925252149409182,0.015731405337156248
870.0,"(13, 19)",3.2946521147487795,9.48988076858964,0.0015814153691992659,0.014991672440375841
871.0,"(13, 18)",3.242945317969913,9.58881214659845,0.001345427272311753,0.01454212342615916
872.0,"(13, 17)",3.187674899564828,9.684411374943064,0.0012305260747307435,0.014266175884553933
873.0,"(13, 16)",3.187963981948322,9.77556308713081,0.0011799157377824394,0.01409413915876904
874.0,"(13, 15)",3.2045349682783675,9.860797867705763,0.0011835063515039305,0.013977661745443893
875.0,"(13, 14)",3.173753388177291,9.938415316981581,0.0012551022026403833,0.01387908814396765
876.0,"(13, 13)",3.139259765211167,10.006950931640393,0.001408052192629846,0.013767588289493564
877.0,"(13, 12)",3.226414587682043,10.066388397174528,0.0014433218495397326,0.013619024319221577
878.0,"(13, 11)",3.0986878067203665,10.120271489710406,0.0012118135767922424,0.013417543798127075
879.0,"(13, 10)",3.0689123687567528,10.176873350581507,0.0010115533268050105,0.013156759605187984
880.0,"(13, 9)",3.0660950641634166,10.245681234397175,0.0008795735228879228,0.012838921631405781
881.0,"(13, 8)",3.077006174901236,10.331631232727016,0.0007863982398400848,0.012472168643879587
882.0,"(13, 7)",3.0590428664585487,10.434472211009195,0.000715286239696106,0.012067345566636814
883.0,"(13, 6)",3.0343221357102985,10.551807538706678,0.0006580391092996782,0.011635727674079888
884.0,"(13, 5)",3.005312004102747,10.681138186969044,0.0006103362347580685,0.011187930690902593
885.0,"(13, 4)",2.92007644631446,10.820394870966311,0.0005696604927443686,0.010733546247086107
904.0,"(14, 32)",2.9778081696722625,8.026135378163309,0.001048890050363667,0.014717651338701117
905.0,"(14, 31)",3.3587163005899057,8.177736063684485,0.0012270611273057649,0.015266571535009363
906.0,"(14, 30)",3.501305860903522,8.31769268828187,0.001469952325236331,0.015855266082412393
907.0,"(14, 29)",3.619269051535691,8.44771080748808,0.001774059603694967,0.016680456484962285
908.0,"(14, 28)",3.625146805760874,8.569520375448416,0.002050456196430153,0.018076526574732944
909.0,"(14, 27)",3.594950684147971,8.684809268978855,0.0022105549391176964,0.020814027617886366
910.0,"(14, 26)",3.5082727286497293,8.795106528320328,0.0021985119173437906,0.027663347973703616
911.0,"(14, 25)",3.4297575972919208,8.901702805941216,0.002155985154472846,0.06197887743037071
912.0,"(14, 24)",3.3165943023611923,9.005620250029134,0.002636629665644641,0.04087356474228385
913.0,"(14, 23)",3.4038914544248486,9.107614076585543,0.0036079361106239774,0.0248154814432799
914.0,"(14, 22)",3.404358802936617,9.208185347993842,0.0024705554136931597,0.019841091370033627
915.0,"(14, 21)",3.4089013996426893,9.307590994633152,0.003276499644803894,0.017544056968571795
916.0,"(14, 20)",3.3321954574359656,9.405843406738661,0.0023341610882808943,0.016316364022942453
917.0,"(14, 19)",3.2737273928181225,9.502695308585569,0.0016419106961810077,0.015620624525440416
918.0,"(14, 18)",3.2307413698982446,9.59760656544597,0.0013876690468658105,0.015227409078995516
919.0,"(14, 17)",3.1602051359583943,9.689689589383718,0.0012634453221446117,0.015018321903321273
920.0,"(14, 16)",3.1716549483086003,9.777631866780984,0.0012102868162103414,0.014920558652317355
921.0,"(14, 15)",3.1886070559580593,9.859605372426806,0.0012258854905631905,0.014880852089044896
922.0,"(14, 14)",3.1803117177250364,9.933218366136526,0.0013665316047516188,0.014854182482896102
923.0,"(14, 13)",3.1937886126685675,9.995729474760992,0.0019950010225530347,0.014800110404563575
924.0,"(14, 12)",3.275583136155889,10.045258904833338,0.0030372485766476686,0.014684648955227673
925.0,"(14, 11)",3.0841192856925415,10.084624189280959,0.0014219482237767592,0.014485540155840153
926.0,"(14, 10)",3.0338104591045383,10.126533575767164,0.0010593131965811815,0.014196429544272686
927.0,"(14, 9)",3.037622834122313,10.186809542689518,0.0008932446810506477,0.01382553369934738
928.0,"(14, 8)",3.0322172067350093,10.269517972627193,0.0007902267239137347,0.01338933876006216
929.0,"(14, 7)",3.024197428214257,10.37037755098691,0.0007159778643542783,0.01290605688790229
930.0,"(14, 6)",3.017630439665423,10.48479284158901,0.0006578415943581875,0.012392171359451826
931.0,"(14, 5)",3.0078191478718397,10.609614252953598,0.0006100440706253922,0.01186181849977011
932.0,"(14, 4)",2.995371922179062,10.742712467602864,0.000569530420247542,0.011327236375240536
951.0,"(15, 32)",3.2302518575833563,8.173591154107925,0.0010980737454350646,0.016277577641660733
952.0,"(15, 31)",3.376818288161147,8.313331109834534,0.0013249264577242749,0.016663759336192737
953.0,"(15, 30)",3.505306333847017,8.439606441304715,0.0016965016441497457,0.016996168433792487
954.0,"(15, 29)",4.069913201646056,8.55521429487067,0.002356830910227929,0.01752604237192571
955.0,"(15, 28)",3.7659184801181906,8.66278856098415,0.0030679106860707706,0.018565519326915452
956.0,"(15, 27)",3.7317057418609694,8.76463220684367,0.0034204615708664406,0.020685278022428786
957.0,"(15, 26)",3.602987972874023,8.862609994629043,0.0032586381095684163,0.025666018118743757
958.0,"(15, 25)",3.4719934215099415,8.958136850688634,0.0023881259860038316,0.033209362564184185
959.0,"(15, 24)",3.4207688482031804,9.052226818640168,0.0025859629021419642,0.02737638869838037
960.0,"(15, 23)",3.3787358349208523,9.14555860756577,0.003015161914884101,0.02239268490329596
961.0,"(15, 22)",3.3682168182699854,9.238530492612576,0.0022646861946022823,0.019392448448028093
962.0,"(15, 21)",3.329570800609038,9.33129406894594,0.002080079192295502,0.017687021172209792
963.0,"(15, 20)",3.252475889837912,9.423765157165006,0.0018502634695363252,0.016711323327050442
965.0,"(15, 18)",3.2151091556664317,9.606220415203637,0.0013856530118889945,0.01589786203108494
966.0,"(15, 17)",3.1840251975085057,9.694626889882604,0.0012709786618413568,0.015806615348037074
967.0,"(15, 16)",3.2018637609738727,9.77941528127961,0.001214908712122806,0.015829604805271628
968.0,"(15, 15)",3.2265935083158275,9.858556051052572,0.0012222091501615582,0.015913259548961448
970.0,"(15, 13)",3.1596168051043447,9.987357881194487,0.001754696331258311,0.0160491771949693
971.0,"(15, 12)",3.113440071917804,10.028383077429552,0.0020825265563350717,0.015993074523580567
973.0,"(15, 10)",2.9719166645938357,10.075377511551366,0.0010403221760688277,0.015467184610774596
974.0,"(15, 9)",3.006442617152377,10.132369707300327,0.0008832370744990089,0.015015151365695867
975.0,"(15, 8)",2.980447275009552,10.216729284655692,0.0007834070031645115,0.014478485668387945
976.0,"(15, 7)",2.9725473445409256,10.317373190584835,0.0007109574126515477,0.013887415249731864
977.0,"(15, 6)",2.996780644612854,10.429033134862443,0.0006540981650975437,0.013264582359808168
978.0,"(15, 5)",3.005450129959311,10.54901954381292,0.0006072779933381073,0.01262729991441479
979.0,"(15, 4)",3.008301243941617,10.67563466538632,0.0005675212408887517,0.011990373485196515
998.0,"(16, 32)",3.358183212079307,8.332070146904892,0.001116033270432577,0.018683908360677143
999.0,"(16, 31)",3.438136007386787,8.457992828235351,0.0013673779122042897,0.018626305633795356
1000.0,"(16, 30)",3.8087396515157117,8.568857596395281,0.0018330277383351108,0.01840740278314177
1001.0,"(16, 29)",4.219393343950398,8.668504379150951,0.0031516353486634495,0.018382520785660626
1002.0,"(16, 28)",4.23009275068947,8.760533667138453,0.015567153147145412,0.018784133489638907
1004.0,"(16, 26)",3.586724653756334,8.932760364998263,0.003196025278656066,0.021476199824458798
1005.0,"(16, 25)",3.233951699415945,9.016608892394496,0.0022941750781263802,0.02265336232969293
1006.0,"(16, 24)",3.1530359790035773,9.100382983003891,0.0021199986618483887,0.021833180485768374
1007.0,"(16, 23)",3.298494013025601,9.18463413882477,0.0020719958376626438,0.020141425428682528
1008.0,"(16, 22)",3.3323176336334024,9.269622914796825,0.0019419816909592102,0.018646541489741698
1009.0,"(16, 21)",3.297683484238978,9.355374013093707,0.0018205264723227504,0.017611199674712717
1010.0,"(16, 20)",3.2980716368479586,9.441695550527452,0.0016828726774378666,0.016982139652945896
1011.0,"(16, 19)",3.2191754136292965,9.528169996645126,0.0015184973113211257,0.01666163450775779
1012.0,"(16, 18)",3.1648162019150576,9.614118704692064,0.0013699920272652656,0.016570141372065632
1013.0,"(16, 17)",3.19877002873141,9.69853513538367,0.0012614670799661145,0.016648185438833594
1014.0,"(16, 16)",3.2118558569343376,9.779973301325539,0.0011972067982432087,0.01684702343381446
1015.0,"(16, 15)",3.1989284146425936,9.856364866122965,0.0011791806482634479,0.017117935627751206
1016.0,"(16, 14)",3.064261728489131,9.924715069875182,0.0012139733703812347,0.01740103987931198
1017.0,"(16, 13)",3.088217968137666,9.980584333220134,0.001290315660885899,0.017616257808344773
1018.0,"(16, 12)",3.061844364171452,10.017199864739384,0.001284575804480217,0.017668804430977642
1019.0,"(16, 11)",2.948363162297937,10.024461117225611,0.0011278062846340807,0.01748682169461943
1020.0,"(16, 10)",2.9911603930492476,10.026106176112949,0.0009684283834446112,0.01706964217375582
1021.0,"(16, 9)",2.987008821153913,10.094482799476845,0.000851868066684371,0.01648061700177957
1022.0,"(16, 8)",2.8691379993120707,10.181537760984837,0.0007663765250057213,0.01579161519925668
1023.0,"(16, 7)",2.836124570305789,10.279877682341235,0.0007003197522671836,0.015050219679517824
1024.0,"(16, 6)",2.9781501245086073,10.386730172369528,0.0006468625791681999,0.014282485521576396
1025.0,"(16, 5)",3.003810342010061,10.50038481032701,0.0006021010154287537,0.01350564153037282
1026.0,"(16, 4)",3.0123312813474534,10.619568657515977,0.0005637029905544368,0.012736227175821561
1045.0,"(17, 32)",3.3356268384556595,8.50245796612,0.0010939297927058398,0.023070090243188957
1046.0,"(17, 31)",3.4764905038522853,8.612342110925567,0.0013218081456952031,0.021647405516421164
1047.0,"(17, 30)",3.718103008670704,8.705435117751113,0.0017053826506587455,0.020284865912193497
1048.0,"(17, 29)",3.934416013729185,8.786976139298663,0.002450321007805554,0.019381555396154874
1049.0,"(17, 28)",3.949387980015212,8.861791876814786,0.003264175978355853,0.019007952321723372
1050.0,"(17, 27)",3.8124797254715834,8.93351815131299,0.002698903124821352,0.019111351276477305
1051.0,"(17, 26)",3.5932695854152628,9.00452879778486,0.00227610454254478,0.019484477328967756
1052.0,"(17, 25)",3.365622060880621,9.076221419498845,0.0019899164896830528,0.019691052044980038
1053.0,"(17, 24)",2.9845131153382316,9.149346181923908,0.0018537911881477023,0.019385943020206728
1054.0,"(17, 23)",3.248527229710162,9.224245832568485,0.0018029545489044805,0.01871897181962496
1055.0,"(17, 22)",3.2725831268966377,9.30099444687771,0.0017833398639800178,0.01802523308741006
1056.0,"(17, 21)",3.2430693087495914,9.379462327671032,0.001773083188174986,0.017503330017331026
1057.0,"(17, 20)",3.3269767301414763,9.459334566832476,0.0016956773606579725,0.01721052158134713
1058.0,"(17, 19)",3.289494558119173,9.540099696645973,0.0015287647707519442,0.017139745796326728
1059.0,"(17, 18)",3.2300050765567594,9.62101393741894,0.0013648256661994635,0.017265883048970948
1060.0,"(17, 17)",3.215373487928139,9.70103772655482,0.001244809011619985,0.017561955092258337
1061.0,"(17, 16)",3.2774839341006725,9.778732898592397,0.0011674126985382306,0.018000566180158325
1062.0,"(17, 15)",3.182277571395939,9.852098386807999,0.00112508042602997,0.018547042022928024
1063.0,"(17, 14)",3.116710462639467,9.918307322697553,0.0011087614794420637,0.01914291836694649
1064.0,"(17, 13)",3.0764675204786447,9.973296401005538,0.0010990606526859524,0.019675389197992166
1065.0,"(17, 12)",3.0392084523990515,10.011262399156724,0.0010622371431452332,0.019951439447575513
1066.0,"(17, 11)",2.9595725290920236,10.025915066276788,0.0009857434202278554,0.019778296289450457
1067.0,"(17, 10)",2.9847363078175126,10.037201751401929,0.0008953758413797101,0.019169597693954918
1068.0,"(17, 9)",2.9902308686534287,10.091592149182759,0.0008129907533025037,0.018323137406321965
1069.0,"(17, 8)",2.9545691478898974,10.16910762479152,0.0007436631613477291,0.017395721323286362
1070.0,"(17, 7)",2.9472402047023376,10.25908127883452,0.0006858146434482485,0.01644653238687185
1071.0,"(17, 6)",2.9865230490259576,10.357784623645069,0.0006369220283066253,0.015488468534781257
1072.0,"(17, 5)",3.005631960451356,10.463177294271128,0.000594922293672183,0.014528451537135213
1073.0,"(17, 4)",3.0144578516666924,10.5738418791361,0.0005583173653571861,0.013583549660597688
1092.0,"(18, 32)",3.1429567595318106,8.685220549239753,0.00103990426021575,0.033197558574439553
1093.0,"(18, 31)",3.3632309695537455,8.776782123532277,0.0012162226545286384,0.02649119627353691
1094.0,"(18, 30)",3.5398811009312405,8.84898948165962,0.0014586983030378043,0.022794735969079303
1095.0,"(18, 29)",3.683627784931216,8.909585909980287,0.0017589206937235946,0.020567312547075133
1096.0,"(18, 28)",3.7210051519022196,8.965199972922594,0.0019704762412190587,0.019334376594088605
1097.0,"(18, 27)",3.6862126489487643,9.020146512198027,0.0019446595369290074,0.01875519211172459
1099.0,"(18, 25)",3.3593339036478045,9.13602448632327,0.0017129470445770914,0.018401305323979555
1100.0,"(18, 24)",3.2470890178258203,9.19838376002608,0.0016540179495255322,0.01819138885031595
1101.0,"(18, 23)",3.206224102379033,9.263848305411944,0.0016553550013119584,0.017899786365632983
1102.0,"(18, 22)",3.2328019659623375,9.33225587592825,0.001744246954649432,0.017623268022249852
1103.0,"(18, 21)",3.281226640721286,9.403299284862147,0.001998982917084567,0.01745642836992424
1104.0,"(18, 20)",3.3742519435609535,9.47652942552624,0.0020517866270533063,0.017452764276567792
1105.0,"(18, 19)",3.6780814213849586,9.551334627380989,0.0016295126253195842,0.01763303055030903
1106.0,"(18, 18)",3.2735203668647506,9.626902895986616,0.0013693630286189255,0.018002319939811263
1107.0,"(18, 17)",3.2124445399101216,9.702164519061958,0.0012224526750698652,0.018561336004241466
1108.0,"(18, 16)",3.1868303357757766,9.775707744802666,0.0011321662205449065,0.019310965488837185
1109.0,"(18, 15)",3.150125901642112,9.845659536808933,0.0010744646739921909,0.020250220561904647
1110.0,"(18, 14)",3.108709950755106,9.909537066002054,0.0010350439737957884,0.021360160966855907
1111.0,"(18, 13)",3.076208927778328,9.964158274242394,0.0010003553352856617,0.022539293509031923
1112.0,"(18, 12)",3.039022575454844,10.006113959680375,0.000957489480752081,0.023401320284817336
1113.0,"(18, 11)",2.9407707721009615,10.03500328651456,0.0009016757976499398,0.0232171816612741
1114.0,"(18, 10)",2.9912636301749314,10.062416971776138,0.0008387105549879098,0.02204527592788621
1115.0,"(18, 9)",3.0027575987568293,10.10708657277228,0.0007766694205186364,0.020666123068589077
1116.0,"(18, 8)",2.997264082352988,10.17164047548525,0.0007199554435170289,0.01937194173280303
1117.0,"(18, 7)",2.99506037971461,10.250436907749638,0.0006696614616825793,0.018152176335746673
1118.0,"(18, 6)",3.0018687510043316,10.339177516777792,0.0006253937010203137,0.01695395141314089
1119.0,"(18, 5)",3.0091721295207194,10.435213716868049,0.0005863469625563747,0.015750755841073816
1120.0,"(18, 4)",3.014946086746387,10.53676859092521,0.0005517173749483706,0.01456220954326138
1139.0,"(19, 32)",3.2094158483328337,8.881488199636475,0.0009711667748719266,0.07426943909221102
1140.0,"(19, 31)",3.3210737602384053,8.951948333101116,0.001099096602904725,0.03436098399228972
1141.0,"(19, 30)",3.423782972713364,8.998666159618711,0.0012491800833454747,0.025966305695910304
1142.0,"(19, 29)",3.451284577849138,9.03447608491296,0.0014012461581216387,0.021787681729548793
1143.0,"(19, 28)",3.4747782504826454,9.06870464800278,0.0015089242402982882,0.01965351515344127
1144.0,"(19, 27)",3.4491717642135997,9.105998655546275,0.0015409408346470461,0.018560571922942012
1145.0,"(19, 26)",3.394925586390207,9.148005814204732,0.0015217679817850812,0.01800933967268372
1146.0,"(19, 25)",3.162571630279584,9.195002236062074,0.0014933205335717825,0.01772059249746232
1147.0,"(19, 24)",3.170638568892018,9.246769302712076,0.0014860320157218095,0.017544803511049693
1148.0,"(19, 23)",2.6330633786928033,9.302938364108014,0.0015288434402661488,0.017433187074634177
1149.0,"(19, 22)",3.171131399272922,9.363081811185905,0.0016996629322991665,0.01740179411471411
1150.0,"(19, 21)",3.2837034369793803,9.426709969885065,0.0025529711396622646,0.017489378137927357
1152.0,"(19, 19)",3.350375032156425,9.56196744769335,0.001703933367293833,0.018156402110949134
1153.0,"(19, 18)",3.242967538026483,9.632012544327894,0.0013457651873359255,0.01878621938158977
1154.0,"(19, 17)",3.1879729872870497,9.702286693919547,0.0011862373108698643,0.01964775384675717
1155.0,"(19, 16)",3.150866556392617,9.771427339558024,0.0010923451835200913,0.020779785793333352
1156.0,"(19, 15)",3.1138623954191806,9.837738685306505,0.001029268276674527,0.022246250417148485
1157.0,"(19, 14)",3.0655087530214775,9.89917121141035,0.0009816227865792402,0.024158739602572955
1158.0,"(19, 13)",3.063946401594173,9.95349285199157,0.000939455584547777,0.026709857279625163
1159.0,"(19, 12)",3.0521589698495557,9.99908460735544,0.0008958526594254967,0.029852695606541507
1160.0,"(19, 11)",3.003642206809105,10.037097135940016,0.0008479725126146968,0.02962422043456455
1161.0,"(19, 10)",3.001388080107819,10.07404821968318,0.000797095087466945,0.026053500532787748
1162.0,"(19, 9)",3.0118542248868563,10.119143862449494,0.0007462764821647598,0.023596529729610245
1163.0,"(19, 8)",3.011786553088432,10.17699231827513,0.0006980224732551228,0.021819506390257364
1164.0,"(19, 7)",3.0097104437238356,10.246887377843851,0.0006535915285956351,0.02030181299839045
1165.0,"(19, 6)",3.0083488254616073,10.326442612347561,0.0006133027454463711,0.018827770892779306
1166.0,"(19, 5)",3.0077136736394703,10.413436339972604,0.0005769859975467125,0.01728943381595091
1167.0,"(19, 4)",3.010443794056626,10.506106363915311,0.0005442782746170104,0.01572558434363696
1186.0,"(20, 32)",3.2013717381730005,9.094615959694657,0.0009011674075644724,0.04042171373728546
1187.0,"(20, 31)",3.3019390912798645,9.139124131824849,0.0009941359057219824,0.05940480797918685
1188.0,"(20, 30)",3.349908930654128,9.152377094822771,0.001093397961118882,0.029247067166234715
1189.0,"(20, 29)",3.3491121586254344,9.158216415650934,0.0011870102283499011,0.02256376328501894
1190.0,"(20, 28)",3.230441007802484,9.1691987954604,0.001258246307128886,0.019724376726225856
1191.0,"(20, 27)",3.2949994940312695,9.188786808230475,0.0012976726619496365,0.018329216111292953
1192.0,"(20, 26)",3.25768163774969,9.216777186985572,0.0013121182254945522,0.017622246733342332
1193.0,"(20, 25)",3.1605000051634247,9.252116169078851,0.0013184579086135072,0.017279212914917016
1194.0,"(20, 24)",2.775099128944756,9.293808609283593,0.0013352823142237945,0.017145374425000484
1195.0,"(20, 23)",3.0673728032816094,9.3410588818287,0.0013848485233625744,0.01715579685648318
1196.0,"(20, 22)",3.0967937887110533,9.393195083714543,0.001509329027236377,0.017298050278531367
1197.0,"(20, 21)",3.2084589440504026,9.449571064603406,0.0017828932693465793,0.017586663629988893
1198.0,"(20, 20)",3.499926533773023,9.509493386127845,0.001858586945949201,0.01804717618582259
1199.0,"(20, 19)",3.2784556018328184,9.572171804676383,0.0014909671017612153,0.018710200942566875
1200.0,"(20, 18)",3.178696046735265,9.636682005917198,0.001260700001714045,0.01961333729475193
1201.0,"(20, 17)",3.149271690216336,9.701932616891533,0.001131120826824422,0.020809279179634203
1202.0,"(20, 16)",3.1105056287046886,9.766637345698284,0.0010481737037931196,0.02238292278938231
1203.0,"(20, 15)",3.069298133700146,9.829309859499437,0.0009886988205709654,0.02449137440288029
1204.0,"(20, 14)",2.9992370300951667,9.888334439269546,0.0009410247033935577,0.027476309479791988
1205.0,"(20, 13)",3.06156484478291,9.942234436856825,0.0008980827382347284,0.03232229878553683
1206.0,"(20, 12)",3.106927520570126,9.99033748799209,0.000855572314065165,0.045676398552592645
1207.0,"(20, 11)",2.9852774513571534,10.03388105951562,0.0008116826643922179,0.04402157762582422
1208.0,"(20, 10)",3.0015328950069633,10.07671356438967,0.0007666903602308944,0.030707327492826432
1209.0,"(20, 9)",3.0164382508475036,10.12394910704761,0.0007219666233790017,0.027085168095223426
1210.0,"(20, 8)",3.0166561503278086,10.179185646639889,0.0006789467024828873,0.0249261298744484
1211.0,"(20, 7)",3.0135567014131635,10.243377444064398,0.0006385988327271431,0.023204046557616015
1212.0,"(20, 6)",3.0059137102456353,10.315760535018942,0.0006013680996312512,0.02150689376025349
1213.0,"(20, 5)",2.9919211594039843,10.39498133000301,0.000567323800405915,0.019462875934036224
1214.0,"(20, 4)",2.991069932012389,10.479651400298849,0.0005363220857365173,0.01717409506409033
1233.0,"(21, 32)",2.9951566833054777,9.333012666758412,0.0008363210903876356,0.03190496070253755
1234.0,"(21, 31)",3.2879453364648703,9.339600771875178,0.0009058427934926339,0.055989609718515604
1235.0,"(21, 30)",3.296500966301727,9.304186224931396,0.0009764677931661973,0.029262600442581138
1236.0,"(21, 29)",3.277516378958241,9.274440754361931,0.0010418556407067914,0.022161533510197735
1237.0,"(21, 28)",3.236754403098095,9.262289835532856,0.0010950805887559097,0.019312691812956657
1238.0,"(21, 27)",3.2138970640927425,9.265880191753693,0.0011326606352144851,0.017921490827949846
1239.0,"(21, 26)",3.1558622563179073,9.28151509445864,0.0011572269061569417,0.017222587551623085
1240.0,"(21, 25)",3.0087720098445265,9.306433790133191,0.0011762769313018084,0.016911269812157764
1241.0,"(21, 24)",3.114949714118275,9.338902953850784,0.001199385486247383,0.0168473365848233
1242.0,"(21, 23)",3.1014112701588146,9.37781704460728,0.0012366617909956865,0.016968902717274373
1243.0,"(21, 22)",3.070421225646313,9.422356024747929,0.0012955966505843412,0.01725806299909658
1244.0,"(21, 21)",3.1591254616113242,9.471778723752985,0.0013599163499671651,0.01772272107130847
1245.0,"(21, 20)",3.180899285569174,9.525316337976182,0.0013551567643286713,0.018386563687303008
1246.0,"(21, 19)",3.096286524799862,9.582120944414587,0.0012586699160345733,0.01928586932377058
1247.0,"(21, 18)",3.0885626696299897,9.64123922070838,0.0011506923320028272,0.020473025978021628
1248.0,"(21, 17)",3.1108334124398405,9.70159840500126,0.001066444832247549,0.02202788633890479
1249.0,"(21, 16)",3.0814501964354957,9.76200660742726,0.0010033972775920167,0.02408375485277709
1250.0,"(21, 15)",3.035445249560688,9.821186525320433,0.0009536066731353111,0.026898006356880395
1251.0,"(21, 14)",3.088902532032631,9.877884694719075,0.0009105882860887094,0.031083176158100037
1252.0,"(21, 13)",3.0909740194826876,9.931122354271368,0.0008698772627050903,0.038528140183038656
1253.0,"(21, 12)",3.0969797014757994,9.98063689895948,0.0008289728488917569,0.07518498637333347
1254.0,"(21, 11)",3.059840223782766,10.027401401947829,0.0007871213049694434,0.04176111191050064
1255.0,"(21, 10)",3.021937130976807,10.073779208337616,0.0007448034002469786,0.03466493289904993
1256.0,"(21, 9)",3.0140881269336095,10.122827993492125,0.0007030565527583253,0.031445232753061096
1257.0,"(21, 8)",3.0151371421253343,10.177068261891247,0.0006629097424308756,0.029309324404409615
1258.0,"(21, 7)",3.0132018013793638,10.237730159146533,0.0006250912346969502,0.027700765291518114
1259.0,"(21, 6)",2.9997933087467836,10.304860962313946,0.0005899774952994737,0.026471699066177863
1260.0,"(21, 5)",2.9341495470757057,10.37781418111922,0.0005576658437743286,0.023665290452284264
1261.0,"(21, 4)",2.9121694226218433,10.455657007213043,0.0005280748047050329,0.01902770024065896
1280.0,"(22, 32)",3.17012402708561,9.617231094317694,0.0007784915816204405,0.027804887748183696
1281.0,"(22, 31)",3.216079197553313,9.545311593381467,0.0008322782296008087,0.03560342832760089
1282.0,"(22, 30)",3.2323872783646044,9.437139513330997,0.0008855934452554044,0.024690106460730263
1283.0,"(22, 29)",3.2222000018831776,9.37277254184737,0.0009350166188141425,0.020485651419461317
1284.0,"(22, 28)",3.095419651625111,9.342986469540602,0.0009773195834924622,0.018402778115531444
1285.0,"(22, 27)",3.1639968878147173,9.335009583238012,0.0010109847461735736,0.01730422240316245
1286.0,"(22, 26)",3.1605453913786468,9.341127894139643,0.0010371313501984967,0.016750834062147446
1287.0,"(22, 25)",3.147038274149465,9.357337301668004,0.0010591152198889907,0.01654097635249423
1288.0,"(22, 24)",3.1474793315575247,9.381634197578386,0.0010811757210501586,0.01657638202380468
1289.0,"(22, 23)",3.1521045738447016,9.412907468416083,0.0011065565794894725,0.016813391226609298
1290.0,"(22, 22)",3.2348127921172294,9.45035514036733,0.0011341626350573491,0.017241531978031625
1291.0,"(22, 21)",3.130032391183503,9.493223553708653,0.001153137479178157,0.017872426694131326
1292.0,"(22, 20)",3.1097482922821515,9.540709153046423,0.0011451352685743006,0.018734391112443315
1293.0,"(22, 19)",3.0764457039493327,9.591929331340877,0.0011065840332477588,0.019872505301603373
1294.0,"(22, 18)",3.0693485210668423,9.645918489174829,0.0010551236860978934,0.02135578730154216
1295.0,"(22, 17)",3.07837918232627,9.701635225976409,0.001006237571715103,0.023294123074843145
1296.0,"(22, 16)",3.0881575519731284,9.757984173099103,0.000964209379489278,0.025870322911483064
1297.0,"(22, 15)",3.1557762668798706,9.813868668691908,0.000927099736019373,0.02942086571609967
1298.0,"(22, 14)",3.1367877699178868,9.868300386690173,0.0008912818237211624,0.03481528879620903
1299.0,"(22, 13)",3.1355140112022415,9.920591284852156,0.0008538908756505563,0.04614064288702523
1300.0,"(22, 12)",3.0857597677477044,9.97061864693531,0.000813942482886972,0.05318874677376939
1301.0,"(22, 11)",3.0440332377791703,10.019061732907867,0.0007721515381981521,0.043367187281293094
1302.0,"(22, 10)",2.9848061623190194,10.067404627106649,0.0007299852722829872,0.040319565892020195
1303.0,"(22, 9)",2.9847529897017853,10.117556487963203,0.0006888399162655847,0.03949209697350492
1304.0,"(22, 8)",3.0074261888669356,10.171241632039536,0.0006496940015926746,0.038195898272244136
1305.0,"(22, 7)",3.013287670173834,10.22954113746128,0.0006130908314748314,0.03657975912684016
1306.0,"(22, 6)",3.0045981643083888,10.292799907237987,0.0005792414059073346,0.04917642746988571
1307.0,"(22, 5)",2.9711484590158213,10.360795058188668,0.0005481395343779071,0.031854116948962403
1308.0,"(22, 4)",2.9649392000553756,10.432963011536401,0.0005196536188229101,0.02019147994015461
1327.0,"(23, 32)",3.1826209586003396,9.990606899319468,0.0007275345337282274,0.020507375708832036
1328.0,"(23, 31)",3.2020011319609556,9.674589006001005,0.0007704559997478913,0.021590859673584727
1329.0,"(23, 30)",3.224196072782262,9.517782682590596,0.0008125179929211078,0.020070558360323648
1330.0,"(23, 29)",3.232268594532235,9.442817330896537,0.0008517840260600489,0.01838803555656992
1331.0,"(23, 28)",3.1781328966194393,9.40849899737146,0.0008865766101615538,0.017231238579904253
1332.0,"(23, 27)",3.1292550113711477,9.395611347978445,0.0009160993639290259,0.01654437821433924
1333.0,"(23, 26)",3.128121551781931,9.395527901550913,0.0009407714884300909,0.016209024855337685
1334.0,"(23, 25)",3.2115620330159866,9.404724674766845,0.0009620054536093129,0.016141785116745043
1335.0,"(23, 24)",3.1600185501035596,9.421820153922122,0.0009814590284769008,0.01629605131244177
1336.0,"(23, 23)",3.1500823279584416,9.446115448694792,0.0009998944753215535,0.016653850429060826
1337.0,"(23, 22)",3.115810208923084,9.477000119714427,0.001015778601717986,0.017219300928695176
1338.0,"(23, 21)",3.0802544554141154,9.513772239202353,0.0010245613306360509,0.018014301141602723
1339.0,"(23, 20)",3.0474302082176994,9.555616476441458,0.0010211212563431898,0.019076692079710612
1340.0,"(23, 19)",2.8141924679565737,9.60162613810874,0.0010051533809147689,0.02046300307660036
1341.0,"(23, 18)",2.986504786552443,9.650830511939539,0.0009822603762015222,0.022261013534230094
1343.0,"(23, 16)",3.0699874075096787,9.754790455024581,0.0009366120828439416,0.02780577378594864
1344.0,"(23, 15)",3.009676189734424,9.80758001836289,0.0009143324366410822,0.03224409799432379
1345.0,"(23, 14)",3.1061949636037207,9.859780165449658,0.0008875316839866026,0.03864338502328544
1346.0,"(23, 13)",3.1233201792872483,9.910858792662612,0.0008530812743301531,0.051619495009036724
1347.0,"(23, 12)",3.0875042248435407,9.960713943207331,0.000811617346294544,0.05606280746357983
1348.0,"(23, 11)",3.0363055606673877,10.009779245148067,0.000766601738893976,0.05189047056382638
1349.0,"(23, 10)",2.7327806228183413,10.058990206117146,0.0007215586676425307,0.06255655264342445
1350.0,"(23, 9)",2.928678215015759,10.109564888351706,0.0006786623175813527,0.047916278257745554
1351.0,"(23, 8)",3.00307279754804,10.162674012997227,0.0006388510788503942,0.03901037938859472
1352.0,"(23, 7)",3.0168984239330565,10.21916104628629,0.0006023492243257543,0.03624388315584307
1353.0,"(23, 6)",3.0165216583969205,10.279424042138233,0.0005690502008220258,0.029415126193341856
1354.0,"(23, 5)",3.0106498815538263,10.343449727128744,0.0005387169596171377,0.02349035202870236
1374.0,"(24, 32)",3.160441772784354,9.675388716724068,0.000682646729560077,0.016805106225019538
1375.0,"(24, 31)",3.1816196936995262,9.618943902298735,0.0007177904675740209,0.0173364180547764
1376.0,"(24, 30)",3.20121449867404,9.535536168103969,0.0007520607396098477,0.017112289377476365
1377.0,"(24, 29)",3.206647866494566,9.48703190484543,0.0007842966735156173,0.01656177793864122
1378.0,"(24, 28)",3.1728918083098647,9.46225289973148,0.0008135340804360081,0.016060242852042036
1379.0,"(24, 27)",3.1369346606847803,9.450057401793064,0.0008392755652603775,0.015741672778720312
1380.0,"(24, 26)",3.1359512053199445,9.445935014992749,0.0008616108017478407,0.015627908102788614
1381.0,"(24, 25)",3.177349185125014,9.449021533194975,0.000881080012855857,0.01571216695491067
1382.0,"(24, 24)",3.155658925374816,9.459461951399334,0.0008982866775650673,0.015989796308982198
1383.0,"(24, 23)",3.1381558801530955,9.477269828039029,0.000913367840638561,0.016468036074589576
1384.0,"(24, 22)",3.114919723563619,9.502086512966935,0.0009255584131754685,0.017168922822546867
1385.0,"(24, 21)",3.0764041716965838,9.533252120152573,0.0009333259727243531,0.018129915208280258
1386.0,"(24, 20)",3.0275336761799814,9.56992203723759,0.0009355354560171527,0.01940384084247637
1387.0,"(24, 19)",2.9127206752692927,9.611155276436383,0.0009330247481951044,0.021061409475415505
1388.0,"(24, 18)",2.81397447125214,9.65597141163105,0.0009287909251244865,0.023207791666178285
1389.0,"(24, 17)",3.0050068614481287,9.7033903224425,0.0009261439848023223,0.0260411525026064
1390.0,"(24, 16)",3.0616096550754306,9.752470309981534,0.0009259333910575574,0.030016707283144112
1391.0,"(24, 15)",3.065731692096272,9.802357590731269,0.0009237424735035986,0.03625676114875023
1392.0,"(24, 14)",3.079270206207357,9.852355144053538,0.0009095930201473443,0.045553374454296976
1393.0,"(24, 13)",3.0988645744869223,9.902008827775182,0.0008757482465061845,0.054820112918857335
1394.0,"(24, 12)",3.1361426665444365,9.951191672176645,0.0008261342387685604,0.06900459652341608
1421.0,"(25, 32)",3.1168438230103943,9.540186783609096,0.0006429220915380885,0.014708902528229246
1422.0,"(25, 31)",3.164431441525673,9.551386722384915,0.0006722996628596406,0.0151249943593051
1423.0,"(25, 30)",3.163707539058031,9.5380800051944,0.0007008945620736408,0.015228776124842795
1424.0,"(25, 29)",3.1649347870879576,9.5254037894289,0.0007279711966469016,0.015140981845254307
1425.0,"(25, 28)",3.1585593578557734,9.514394436063421,0.0007529269606540228,0.015019071965177952
1426.0,"(25, 27)",3.1489614540170465,9.503337260599794,0.0007754168684553206,0.014967417561064306
1427.0,"(25, 26)",3.1452652640595775,9.49441417455292,0.0007953999235011162,0.015038294661102713
1428.0,"(25, 25)",3.1452978063853405,9.490818111882671,0.0008130671380909861,0.015258501377876836
1429.0,"(25, 24)",3.1376813718579517,9.494525742578917,0.0008286658012246072,0.01564948832891999
1430.0,"(25, 23)",3.122784775641277,9.506133259633609,0.0008422991960434966,0.016239176458807045
1431.0,"(25, 22)",3.10076840987996,9.525351657658,0.0008538475036310807,0.017069238278177114
1432.0,"(25, 21)",3.0725825865603498,9.55143838076499,0.0008631921627346059,0.01819980728765918
1433.0,"(25, 20)",3.0399728435842057,9.583453391548261,0.0008708076332709898,0.019710474955314087
1434.0,"(25, 19)",3.0108783600147593,9.620391916819171,0.0008784446732460432,0.021695919807567028
1435.0,"(25, 18)",3.0050460016455385,9.661251319453767,0.0008893960898688598,0.02427162204616034
1436.0,"(25, 17)",3.0466130643458333,9.705069423678381,0.0009079726565790897,0.027653961324091127
1437.0,"(25, 16)",3.1881148682022857,9.75095609572844,0.0009373070048972941,0.03249113746754538
1438.0,"(25, 15)",3.0204123450302816,9.79813013105147,0.0009718210550523339,0.04189358329507327
1439.0,"(25, 14)",3.0463569412493285,9.845965935756395,0.0009838627397377945,0.058351868782291066
1440.0,"(25, 13)",3.1044958670793585,9.894046107168883,0.0009424174350482693,0.05639190898605896
1441.0,"(25, 12)",3.4936229510915675,9.942206227652045,0.0008651834297623185,0.058531773478774446
1468.0,"(26, 32)",3.0667970499529598,9.496373648151827,0.0006075408418625815,0.01332283096731181
1469.0,"(26, 31)",3.144114973133923,9.538671906471883,0.0006325088631646764,0.0136977870884161
1470.0,"(26, 30)",3.117138659642973,9.56653727961408,0.000656803012227762,0.013920821548533037
1471.0,"(26, 29)",3.133756681742187,9.580948056023226,0.000679934927589404,0.014039677476252708
1472.0,"(26, 28)",3.1404197416513533,9.577278572324948,0.0007015055013154696,0.01412770170936605
1473.0,"(26, 27)",3.1408439275481825,9.560678820510395,0.0007212680845540435,0.014250971986678646
1474.0,"(26, 26)",3.1364179352328225,9.54242464566107,0.0007391526308128309,0.01445804497623426
1475.0,"(26, 25)",3.125963175060626,9.530099111864931,0.0007552384532626527,0.014785644798628966
1476.0,"(26, 24)",3.1247694112140314,9.526593054919744,0.0007696919847262131,0.015268734839935853
1477.0,"(26, 23)",3.111759311559742,9.532265481802657,0.0007827198458563309,0.015950697900686286
1478.0,"(26, 22)",3.086800216933581,9.546432860010931,0.0007946149897848805,0.016894103595137114
1479.0,"(26, 21)",3.0581431191281996,9.568051933194017,0.0008059750711777626,0.018193384902979528
1480.0,"(26, 20)",3.030620922641213,9.595997149557705,0.0008181271788468209,0.019985807613002407
1481.0,"(26, 19)",3.014831944212945,9.629167719334966,0.0008337413514565126,0.022438684693341655
1482.0,"(26, 18)",3.020886682814069,9.666528513579218,0.0008577071265267668,0.025693685725529852
1483.0,"(26, 17)",3.0523647924329893,9.707129039458527,0.0008986955272211061,0.029936724615588335
1485.0,"(26, 15)",2.8357192599528633,9.79477239993898,0.0010940358623922183,0.04641804624041286
1487.0,"(26, 13)",3.060223506492652,9.886929552175497,0.0011109159976642263,0.03976969564992719
1488.0,"(26, 12)",3.0969432812827256,9.933834152882142,0.0009368762957764483,0.0371628575866549
1515.0,"(27, 32)",3.0325219501169443,9.499870183761232,0.000575813841318582,0.012314012391147933
1516.0,"(27, 31)",3.0801419126128344,9.568700540024274,0.0005973190943474828,0.012666699844345226
1517.0,"(27, 30)",3.0948256933367184,9.63269966403484,0.0006182511765095545,0.01294024173212278
1518.0,"(27, 29)",3.106293178387782,9.671205067734764,0.0006382743224499139,0.013159096345956519
1519.0,"(27, 28)",3.1200233695226443,9.660599663701529,0.0006571154028357987,0.013362904468499675
1521.0,"(27, 26)",3.1290065726633585,9.588553828673197,0.0006906744488593723,0.013892541027590787
1522.0,"(27, 25)",3.1163183944300212,9.565330831127504,0.0007053987536421862,0.014294618746831543
1523.0,"(27, 24)",3.150100168198288,9.554567824409522,0.0007189464208426347,0.014840876687973147
1524.0,"(27, 23)",3.1113679302558332,9.55495662811015,0.0007316198774861747,0.01558456859656501
1525.0,"(27, 22)",3.068923130618561,9.56487153216581,0.0007439394701916207,0.016607484393888663
1526.0,"(27, 21)",3.0290360218507613,9.58278253737367,0.0007568525452877884,0.018049767544896626
1527.0,"(27, 20)",2.9835800018413328,9.607326685084486,0.000772126141736252,0.02016983055095645
1528.0,"(27, 19)",2.969759188905782,9.63730073352734,0.0007930686661312868,0.023418029976912523
1529.0,"(27, 18)",2.9870003689794733,9.671642136118598,0.000826081810071425,0.02820644628063523
1530.0,"(27, 17)",3.0861673184239526,9.709415590296992,0.000884892451177275,0.03477111611451679
1531.0,"(27, 16)",3.03792321571182,9.749809131505526,0.001005406316251252,0.0482116814762012
1532.0,"(27, 15)",2.9785345733769755,9.792139463617005,0.001318002072085993,0.04889381393410559
1533.0,"(27, 14)",2.9944348037919126,9.835863795561728,0.0023091188803183644,0.03660836211936635
1534.0,"(27, 13)",3.0299788219678976,9.880593162050884,0.0015257875346022035,0.03228077479115128
1535.0,"(27, 12)",3.0484424934562995,9.926100251864542,0.001017739425470839,0.02984941684474456
1562.0,"(28, 32)",2.964894948523873,9.520800798484185,0.0005471768688155304,0.011529811904043544
1563.0,"(28, 31)",3.03176972813987,9.61534205052354,0.000565900672829472,0.011865707369960118
1564.0,"(28, 30)",3.0420430091058566,9.726815559229678,0.0005841373232623736,0.0121600900188111
1565.0,"(28, 29)",3.0615815081177478,9.813788488797725,0.000601650159681942,0.012428137725584779
1566.0,"(28, 28)",3.0869568001665013,9.762348719753973,0.0006182493282071156,0.012694392638014269
1567.0,"(28, 27)",3.1616088334968486,9.68182228691702,0.0006338163240874928,0.01298810588628929
1568.0,"(28, 26)",3.1609953474717205,9.626363244748086,0.0006483215436985664,0.013340367639059776
1569.0,"(28, 25)",3.110614538786741,9.593163785156731,0.000661836568377267,0.013784652967493262
1570.0,"(28, 24)",3.0894333484236203,9.576778847440252,0.0006745512389059525,0.014361078413228926
1571.0,"(28, 23)",3.060640243546686,9.57335303006157,0.0006868148853489282,0.015125485500639385
1572.0,"(28, 22)",3.0454858691293314,9.580201877973996,0.0006992298120920482,0.016168513020037772
1573.0,"(28, 21)",2.9898829887238563,9.595346747017489,0.0007128362081178411,0.017663366721473783
1574.0,"(28, 20)",2.7144265345802325,9.617242443275986,0.0007294584239475308,0.020021360312988137
1575.0,"(28, 19)",2.857925437037156,9.644627271190792,0.0007523905765634869,0.02461561769590715
1576.0,"(28, 18)",2.805853319200562,9.676440665176354,0.0007879700691848767,0.03598213519957314
1577.0,"(28, 17)",2.9774088328946835,9.711779020198989,0.0008499655567789714,0.05639797481489942
1578.0,"(28, 16)",2.9983088945212417,9.749874420089405,0.0009751852530539196,0.03775125466202099
1579.0,"(28, 15)",2.9917185549241156,9.79008751272611,0.0013033903941950002,0.03244936253788003
1580.0,"(28, 14)",2.99674064902078,9.831908327493343,0.0025048384502091552,0.029331751334502627
1581.0,"(28, 13)",3.010130877331426,9.874959443382158,0.001536835099658689,0.02707677609886322
1610.0,"(29, 31)",2.983159354097951,9.640254748347406,0.0005376170908093112,0.011210281347367613
1611.0,"(29, 30)",2.8634042887573807,9.77811120046774,0.0005536463379671807,0.011510108145545733
1612.0,"(29, 29)",2.9871598445093848,9.959767957155643,0.0005690890991695191,0.01180000289651989
1613.0,"(29, 28)",2.9588042573038007,9.817052163279529,0.000583812169995809,0.012096751415869963
1614.0,"(29, 27)",3.0826379597390914,9.709408347787198,0.000597737208991887,0.012421490889627199
1615.0,"(29, 26)",3.1122377442247275,9.646232013432058,0.000610856846121507,0.012798621641524444
1616.0,"(29, 25)",3.090236083094794,9.609918822126845,0.0006232510717331879,0.013256479616634398
1624.0,"(29, 17)",2.951126508072633,9.714091551688975,0.0007924010928051024,0.029550899319490523
1625.0,"(29, 16)",2.963175436572568,9.750182154293379,0.000877003447100024,0.027605501584380427
1626.0,"(29, 15)",2.961796191012076,9.788486086035517,0.0010164262061416872,0.02594657092981142
1627.0,"(29, 14)",2.9788270137619817,9.828528644844871,0.0011490148633612827,0.024506125471061697
